"datestamp","Site","interviews","anglers","chinook","coho","pink","chum","lingcod","halibut","sampleday","allsalmon","cuinterviews","cuanglers","cuchinook","cucoho","cupink","cuchum","culingcod","cuhalibut","cusampleday","cuallsalmon"
2017-09-15,"Allyn Ramp",2,2,0,0,0,0,0,0,1,0,2,2,0,0,0,0,0,0,1,0
2017-09-16,"Allyn Ramp",0,0,0,0,0,0,0,0,0,0,2,2,0,0,0,0,0,0,1,0
2017-09-17,"Allyn Ramp",0,0,0,0,0,0,0,0,0,0,2,2,0,0,0,0,0,0,1,0
2017-09-18,"Allyn Ramp",0,0,0,0,0,0,0,0,0,0,2,2,0,0,0,0,0,0,1,0
2017-09-19,"Allyn Ramp",0,0,0,0,0,0,0,0,0,0,2,2,0,0,0,0,0,0,1,0
2017-09-20,"Allyn Ramp",0,0,0,0,0,0,0,0,0,0,2,2,0,0,0,0,0,0,1,0
2017-09-21,"Allyn Ramp",0,0,0,0,0,0,0,0,0,0,2,2,0,0,0,0,0,0,1,0
2017-09-22,"Allyn Ramp",0,0,0,0,0,0,0,0,0,0,2,2,0,0,0,0,0,0,1,0
2017-09-23,"Allyn Ramp",0,0,0,0,0,0,0,0,0,0,2,2,0,0,0,0,0,0,1,0
2017-09-24,"Allyn Ramp",0,0,0,0,0,0,0,0,0,0,2,2,0,0,0,0,0,0,1,0
2017-09-25,"Allyn Ramp",0,0,0,0,0,0,0,0,0,0,2,2,0,0,0,0,0,0,1,0
2017-09-26,"Allyn Ramp",0,0,0,0,0,0,0,0,0,0,2,2,0,0,0,0,0,0,1,0
2017-09-15,"Armeni Ramp",30,57,0,55,0,0,0,0,1,55,30,57,0,55,0,0,0,0,1,55
2017-09-16,"Armeni Ramp",43,99,0,95,0,0,0,0,1,95,73,156,0,150,0,0,0,0,2,150
2017-09-17,"Armeni Ramp",31,75,0,38,0,0,0,0,1,38,104,231,0,188,0,0,0,0,3,188
2017-09-18,"Armeni Ramp",0,0,0,0,0,0,0,0,0,0,104,231,0,188,0,0,0,0,3,188
2017-09-19,"Armeni Ramp",3,4,0,3,0,0,0,0,1,3,107,235,0,191,0,0,0,0,4,191
2017-09-20,"Armeni Ramp",0,0,0,0,0,0,0,0,0,0,107,235,0,191,0,0,0,0,4,191
2017-09-21,"Armeni Ramp",0,0,0,0,0,0,0,0,0,0,107,235,0,191,0,0,0,0,4,191
2017-09-22,"Armeni Ramp",24,44,1,38,0,0,0,0,1,39,131,279,1,229,0,0,0,0,5,230
2017-09-23,"Armeni Ramp",0,0,0,0,0,0,0,0,0,0,131,279,1,229,0,0,0,0,5,230
2017-09-24,"Armeni Ramp",0,0,0,0,0,0,0,0,0,0,131,279,1,229,0,0,0,0,5,230
2017-09-25,"Armeni Ramp",0,0,0,0,0,0,0,0,0,0,131,279,1,229,0,0,0,0,5,230
2017-09-26,"Armeni Ramp",0,0,0,0,0,0,0,0,0,0,131,279,1,229,0,0,0,0,5,230
2017-09-15,"Big Beef ",0,0,0,0,0,0,0,0,0,0,0,0,0,0,0,0,0,0,0,0
2017-09-16,"Big Beef ",0,0,0,0,0,0,0,0,0,0,0,0,0,0,0,0,0,0,0,0
2017-09-17,"Big Beef ",0,0,0,0,0,0,0,0,0,0,0,0,0,0,0,0,0,0,0,0
2017-09-18,"Big Beef ",0,0,0,0,0,0,0,0,0,0,0,0,0,0,0,0,0,0,0,0
2017-09-19,"Big Beef ",0,0,0,0,0,0,0,0,0,0,0,0,0,0,0,0,0,0,0,0
2017-09-20,"Big Beef ",0,0,0,0,0,0,0,0,0,0,0,0,0,0,0,0,0,0,0,0
2017-09-21,"Big Beef ",0,0,0,0,0,0,0,0,0,0,0,0,0,0,0,0,0,0,0,0
2017-09-22,"Big Beef ",0,0,0,0,0,0,0,0,0,0,0,0,0,0,0,0,0,0,0,0
2017-09-23,"Big Beef ",0,0,0,0,0,0,0,0,0,0,0,0,0,0,0,0,0,0,0,0
2017-09-24,"Big Beef ",4,4,0,0,0,0,0,0,1,0,4,4,0,0,0,0,0,0,1,0
2017-09-25,"Big Beef ",0,0,0,0,0,0,0,0,0,0,4,4,0,0,0,0,0,0,1,0
2017-09-26,"Big Beef ",0,0,0,0,0,0,0,0,0,0,4,4,0,0,0,0,0,0,1,0
2017-09-15,"Boston Harbor",0,0,0,0,0,0,0,0,0,0,0,0,0,0,0,0,0,0,0,0
2017-09-16,"Boston Harbor",4,6,2,1,0,0,0,0,1,3,4,6,2,1,0,0,0,0,1,3
2017-09-17,"Boston Harbor",6,13,0,5,0,0,0,0,1,5,10,19,2,6,0,0,0,0,2,8
2017-09-18,"Boston Harbor",2,3,0,0,0,0,0,0,1,0,12,22,2,6,0,0,0,0,3,8
2017-09-19,"Boston Harbor",0,0,0,0,0,0,0,0,0,0,12,22,2,6,0,0,0,0,3,8
2017-09-20,"Boston Harbor",0,0,0,0,0,0,0,0,0,0,12,22,2,6,0,0,0,0,3,8
2017-09-21,"Boston Harbor",0,0,0,0,0,0,0,0,0,0,12,22,2,6,0,0,0,0,3,8
2017-09-22,"Boston Harbor",0,0,0,0,0,0,0,0,0,0,12,22,2,6,0,0,0,0,3,8
2017-09-23,"Boston Harbor",7,16,0,1,0,0,0,0,1,1,19,38,2,7,0,0,0,0,4,9
2017-09-24,"Boston Harbor",7,16,0,0,0,0,0,0,1,0,26,54,2,7,0,0,0,0,5,9
2017-09-25,"Boston Harbor",0,0,0,0,0,0,0,0,0,0,26,54,2,7,0,0,0,0,5,9
2017-09-26,"Boston Harbor",0,0,0,0,0,0,0,0,0,0,26,54,2,7,0,0,0,0,5,9
2017-09-15,"Brownsville Ramp",5,10,0,8,0,0,0,0,1,8,5,10,0,8,0,0,0,0,1,8
2017-09-16,"Brownsville Ramp",0,0,0,0,0,0,0,0,0,0,5,10,0,8,0,0,0,0,1,8
2017-09-17,"Brownsville Ramp",0,0,0,0,0,0,0,0,0,0,5,10,0,8,0,0,0,0,1,8
2017-09-18,"Brownsville Ramp",0,0,0,0,0,0,0,0,0,0,5,10,0,8,0,0,0,0,1,8
2017-09-19,"Brownsville Ramp",0,0,0,0,0,0,0,0,0,0,5,10,0,8,0,0,0,0,1,8
2017-09-20,"Brownsville Ramp",0,0,0,0,0,0,0,0,0,0,5,10,0,8,0,0,0,0,1,8
2017-09-21,"Brownsville Ramp",0,0,0,0,0,0,0,0,0,0,5,10,0,8,0,0,0,0,1,8
2017-09-22,"Brownsville Ramp",0,0,0,0,0,0,0,0,0,0,5,10,0,8,0,0,0,0,1,8
2017-09-23,"Brownsville Ramp",0,0,0,0,0,0,0,0,0,0,5,10,0,8,0,0,0,0,1,8
2017-09-24,"Brownsville Ramp",0,0,0,0,0,0,0,0,0,0,5,10,0,8,0,0,0,0,1,8
2017-09-25,"Brownsville Ramp",0,0,0,0,0,0,0,0,0,0,5,10,0,8,0,0,0,0,1,8
2017-09-26,"Brownsville Ramp",0,0,0,0,0,0,0,0,0,0,5,10,0,8,0,0,0,0,1,8
2017-09-15,"Cornet Bay",12,27,3,0,2,0,0,0,1,5,12,27,3,0,2,0,0,0,1,5
2017-09-16,"Cornet Bay",22,48,9,0,0,0,0,0,1,9,34,75,12,0,2,0,0,0,2,14
2017-09-17,"Cornet Bay",5,12,3,0,1,0,0,0,1,4,39,87,15,0,3,0,0,0,3,18
2017-09-18,"Cornet Bay",1,1,0,0,0,0,0,0,1,0,40,88,15,0,3,0,0,0,4,18
2017-09-19,"Cornet Bay",0,0,0,0,0,0,0,0,0,0,40,88,15,0,3,0,0,0,4,18
2017-09-20,"Cornet Bay",5,11,2,0,0,0,0,0,1,2,45,99,17,0,3,0,0,0,5,20
2017-09-21,"Cornet Bay",5,7,1,0,1,0,0,0,1,2,50,106,18,0,4,0,0,0,6,22
2017-09-22,"Cornet Bay",7,14,2,0,0,0,0,0,1,2,57,120,20,0,4,0,0,0,7,24
2017-09-23,"Cornet Bay",16,36,4,0,0,1,0,0,1,5,73,156,24,0,4,1,0,0,8,29
2017-09-24,"Cornet Bay",14,35,2,0,0,0,0,0,1,2,87,191,26,0,4,1,0,0,9,31
2017-09-25,"Cornet Bay",5,10,2,0,0,0,0,0,1,2,92,201,28,0,4,1,0,0,10,33
2017-09-26,"Cornet Bay",0,0,0,0,0,0,0,0,0,0,92,201,28,0,4,1,0,0,10,33
2017-09-15,"Dash Point",0,0,0,0,0,0,0,0,0,0,0,0,0,0,0,0,0,0,0,0
2017-09-16,"Dash Point",0,0,0,0,0,0,0,0,0,0,0,0,0,0,0,0,0,0,0,0
2017-09-17,"Dash Point",0,0,0,0,0,0,0,0,0,0,0,0,0,0,0,0,0,0,0,0
2017-09-18,"Dash Point",0,0,0,0,0,0,0,0,0,0,0,0,0,0,0,0,0,0,0,0
2017-09-19,"Dash Point",0,0,0,0,0,0,0,0,0,0,0,0,0,0,0,0,0,0,0,0
2017-09-20,"Dash Point",1,1,0,0,0,0,0,0,1,0,1,1,0,0,0,0,0,0,1,0
2017-09-21,"Dash Point",0,0,0,0,0,0,0,0,0,0,1,1,0,0,0,0,0,0,1,0
2017-09-22,"Dash Point",0,0,0,0,0,0,0,0,0,0,1,1,0,0,0,0,0,0,1,0
2017-09-23,"Dash Point",1,1,0,0,0,0,0,0,1,0,2,2,0,0,0,0,0,0,2,0
2017-09-24,"Dash Point",0,0,0,0,0,0,0,0,0,0,2,2,0,0,0,0,0,0,2,0
2017-09-25,"Dash Point",0,0,0,0,0,0,0,0,0,0,2,2,0,0,0,0,0,0,2,0
2017-09-26,"Dash Point",0,0,0,0,0,0,0,0,0,0,2,2,0,0,0,0,0,0,2,0
2017-09-15,"Edmonds",0,0,0,0,0,0,0,0,0,0,0,0,0,0,0,0,0,0,0,0
2017-09-16,"Edmonds",26,59,0,33,0,0,0,0,1,33,26,59,0,33,0,0,0,0,1,33
2017-09-17,"Edmonds",21,54,0,22,0,0,0,0,1,22,47,113,0,55,0,0,0,0,2,55
2017-09-18,"Edmonds",0,0,0,0,0,0,0,0,0,0,47,113,0,55,0,0,0,0,2,55
2017-09-19,"Edmonds",4,10,0,11,0,0,0,0,1,11,51,123,0,66,0,0,0,0,3,66
2017-09-20,"Edmonds",0,0,0,0,0,0,0,0,0,0,51,123,0,66,0,0,0,0,3,66
2017-09-21,"Edmonds",0,0,0,0,0,0,0,0,0,0,51,123,0,66,0,0,0,0,3,66
2017-09-22,"Edmonds",0,0,0,0,0,0,0,0,0,0,51,123,0,66,0,0,0,0,3,66
2017-09-23,"Edmonds",21,46,0,20,0,0,0,0,1,20,72,169,0,86,0,0,0,0,4,86
2017-09-24,"Edmonds",0,0,0,0,0,0,0,0,0,0,72,169,0,86,0,0,0,0,4,86
2017-09-25,"Edmonds",0,0,0,0,0,0,0,0,0,0,72,169,0,86,0,0,0,0,4,86
2017-09-26,"Edmonds",0,0,0,0,0,0,0,0,0,0,72,169,0,86,0,0,0,0,4,86
2017-09-15,"Everett",23,44,0,49,0,0,0,0,1,49,23,44,0,49,0,0,0,0,1,49
2017-09-16,"Everett",43,101,0,81,0,0,0,0,1,81,66,145,0,130,0,0,0,0,2,130
2017-09-17,"Everett",22,52,0,44,0,0,0,0,1,44,88,197,0,174,0,0,0,0,3,174
2017-09-18,"Everett",0,0,0,0,0,0,0,0,0,0,88,197,0,174,0,0,0,0,3,174
2017-09-19,"Everett",0,0,0,0,0,0,0,0,0,0,88,197,0,174,0,0,0,0,3,174
2017-09-20,"Everett",0,0,0,0,0,0,0,0,0,0,88,197,0,174,0,0,0,0,3,174
2017-09-21,"Everett",13,28,0,32,2,0,0,0,1,34,101,225,0,206,2,0,0,0,4,208
2017-09-22,"Everett",45,97,0,41,0,0,0,0,1,41,146,322,0,247,2,0,0,0,5,249
2017-09-23,"Everett",33,67,1,11,0,0,0,0,1,12,179,389,1,258,2,0,0,0,6,261
2017-09-24,"Everett",18,39,0,25,0,0,0,0,1,25,197,428,1,283,2,0,0,0,7,286
2017-09-25,"Everett",20,42,0,15,0,0,0,0,1,15,217,470,1,298,2,0,0,0,8,301
2017-09-26,"Everett",0,0,0,0,0,0,0,0,0,0,217,470,1,298,2,0,0,0,8,301
2017-09-15,"Friday Harbor",0,0,0,0,0,0,0,0,0,0,0,0,0,0,0,0,0,0,0,0
2017-09-16,"Friday Harbor",1,2,0,0,0,0,0,0,1,0,1,2,0,0,0,0,0,0,1,0
2017-09-17,"Friday Harbor",0,0,0,0,0,0,0,0,0,0,1,2,0,0,0,0,0,0,1,0
2017-09-18,"Friday Harbor",0,0,0,0,0,0,0,0,0,0,1,2,0,0,0,0,0,0,1,0
2017-09-19,"Friday Harbor",0,0,0,0,0,0,0,0,0,0,1,2,0,0,0,0,0,0,1,0
2017-09-20,"Friday Harbor",0,0,0,0,0,0,0,0,0,0,1,2,0,0,0,0,0,0,1,0
2017-09-21,"Friday Harbor",0,0,0,0,0,0,0,0,0,0,1,2,0,0,0,0,0,0,1,0
2017-09-22,"Friday Harbor",0,0,0,0,0,0,0,0,0,0,1,2,0,0,0,0,0,0,1,0
2017-09-23,"Friday Harbor",0,0,0,0,0,0,0,0,0,0,1,2,0,0,0,0,0,0,1,0
2017-09-24,"Friday Harbor",0,0,0,0,0,0,0,0,0,0,1,2,0,0,0,0,0,0,1,0
2017-09-25,"Friday Harbor",0,0,0,0,0,0,0,0,0,0,1,2,0,0,0,0,0,0,1,0
2017-09-26,"Friday Harbor",0,0,0,0,0,0,0,0,0,0,1,2,0,0,0,0,0,0,1,0
2017-09-15,"Gig Harbor",0,0,0,0,0,0,0,0,0,0,0,0,0,0,0,0,0,0,0,0
2017-09-16,"Gig Harbor",0,0,0,0,0,0,0,0,0,0,0,0,0,0,0,0,0,0,0,0
2017-09-17,"Gig Harbor",0,0,0,0,0,0,0,0,0,0,0,0,0,0,0,0,0,0,0,0
2017-09-18,"Gig Harbor",0,0,0,0,0,0,0,0,0,0,0,0,0,0,0,0,0,0,0,0
2017-09-19,"Gig Harbor",0,0,0,0,0,0,0,0,0,0,0,0,0,0,0,0,0,0,0,0
2017-09-20,"Gig Harbor",0,0,0,0,0,0,0,0,0,0,0,0,0,0,0,0,0,0,0,0
2017-09-21,"Gig Harbor",0,0,0,0,0,0,0,0,0,0,0,0,0,0,0,0,0,0,0,0
2017-09-22,"Gig Harbor",0,0,0,0,0,0,0,0,0,0,0,0,0,0,0,0,0,0,0,0
2017-09-23,"Gig Harbor",0,0,0,0,0,0,0,0,0,0,0,0,0,0,0,0,0,0,0,0
2017-09-24,"Gig Harbor",22,41,1,15,3,0,0,0,1,19,22,41,1,15,3,0,0,0,1,19
2017-09-25,"Gig Harbor",0,0,0,0,0,0,0,0,0,0,22,41,1,15,3,0,0,0,1,19
2017-09-26,"Gig Harbor",0,0,0,0,0,0,0,0,0,0,22,41,1,15,3,0,0,0,1,19
2017-09-15,"Griffin Bay",0,0,0,0,0,0,0,0,0,0,0,0,0,0,0,0,0,0,0,0
2017-09-16,"Griffin Bay",0,0,0,0,0,0,0,0,0,0,0,0,0,0,0,0,0,0,0,0
2017-09-17,"Griffin Bay",0,0,0,0,0,0,0,0,0,0,0,0,0,0,0,0,0,0,0,0
2017-09-18,"Griffin Bay",0,0,0,0,0,0,0,0,0,0,0,0,0,0,0,0,0,0,0,0
2017-09-19,"Griffin Bay",0,0,0,0,0,0,0,0,0,0,0,0,0,0,0,0,0,0,0,0
2017-09-20,"Griffin Bay",0,0,0,0,0,0,0,0,0,0,0,0,0,0,0,0,0,0,0,0
2017-09-21,"Griffin Bay",0,0,0,0,0,0,0,0,0,0,0,0,0,0,0,0,0,0,0,0
2017-09-22,"Griffin Bay",0,0,0,0,0,0,0,0,0,0,0,0,0,0,0,0,0,0,0,0
2017-09-23,"Griffin Bay",0,0,0,0,0,0,0,0,0,0,0,0,0,0,0,0,0,0,0,0
2017-09-24,"Griffin Bay",0,0,0,0,0,0,0,0,0,0,0,0,0,0,0,0,0,0,0,0
2017-09-25,"Griffin Bay",0,0,0,0,0,0,0,0,0,0,0,0,0,0,0,0,0,0,0,0
2017-09-26,"Griffin Bay",1,2,0,0,0,0,0,0,1,0,1,2,0,0,0,0,0,0,1,0
2017-09-15,"Harstene Island",1,2,0,1,0,0,0,0,1,1,1,2,0,1,0,0,0,0,1,1
2017-09-16,"Harstene Island",0,0,0,0,0,0,0,0,0,0,1,2,0,1,0,0,0,0,1,1
2017-09-17,"Harstene Island",0,0,0,0,0,0,0,0,0,0,1,2,0,1,0,0,0,0,1,1
2017-09-18,"Harstene Island",0,0,0,0,0,0,0,0,0,0,1,2,0,1,0,0,0,0,1,1
2017-09-19,"Harstene Island",0,0,0,0,0,0,0,0,0,0,1,2,0,1,0,0,0,0,1,1
2017-09-20,"Harstene Island",0,0,0,0,0,0,0,0,0,0,1,2,0,1,0,0,0,0,1,1
2017-09-21,"Harstene Island",0,0,0,0,0,0,0,0,0,0,1,2,0,1,0,0,0,0,1,1
2017-09-22,"Harstene Island",0,0,0,0,0,0,0,0,0,0,1,2,0,1,0,0,0,0,1,1
2017-09-23,"Harstene Island",0,0,0,0,0,0,0,0,0,0,1,2,0,1,0,0,0,0,1,1
2017-09-24,"Harstene Island",0,0,0,0,0,0,0,0,0,0,1,2,0,1,0,0,0,0,1,1
2017-09-25,"Harstene Island",0,0,0,0,0,0,0,0,0,0,1,2,0,1,0,0,0,0,1,1
2017-09-26,"Harstene Island",0,0,0,0,0,0,0,0,0,0,1,2,0,1,0,0,0,0,1,1
2017-09-15,"Hood Canal Bridge ",0,0,0,0,0,0,0,0,0,0,0,0,0,0,0,0,0,0,0,0
2017-09-16,"Hood Canal Bridge ",8,17,0,4,0,0,0,0,1,4,8,17,0,4,0,0,0,0,1,4
2017-09-17,"Hood Canal Bridge ",0,0,0,0,0,0,0,0,0,0,8,17,0,4,0,0,0,0,1,4
2017-09-18,"Hood Canal Bridge ",0,0,0,0,0,0,0,0,0,0,8,17,0,4,0,0,0,0,1,4
2017-09-19,"Hood Canal Bridge ",0,0,0,0,0,0,0,0,0,0,8,17,0,4,0,0,0,0,1,4
2017-09-20,"Hood Canal Bridge ",0,0,0,0,0,0,0,0,0,0,8,17,0,4,0,0,0,0,1,4
2017-09-21,"Hood Canal Bridge ",0,0,0,0,0,0,0,0,0,0,8,17,0,4,0,0,0,0,1,4
2017-09-22,"Hood Canal Bridge ",0,0,0,0,0,0,0,0,0,0,8,17,0,4,0,0,0,0,1,4
2017-09-23,"Hood Canal Bridge ",0,0,0,0,0,0,0,0,0,0,8,17,0,4,0,0,0,0,1,4
2017-09-24,"Hood Canal Bridge ",0,0,0,0,0,0,0,0,0,0,8,17,0,4,0,0,0,0,1,4
2017-09-25,"Hood Canal Bridge ",0,0,0,0,0,0,0,0,0,0,8,17,0,4,0,0,0,0,1,4
2017-09-26,"Hood Canal Bridge ",0,0,0,0,0,0,0,0,0,0,8,17,0,4,0,0,0,0,1,4
2017-09-15,"Hoodsport",16,19,5,0,0,0,0,0,1,5,16,19,5,0,0,0,0,0,1,5
2017-09-16,"Hoodsport",0,0,0,0,0,0,0,0,0,0,16,19,5,0,0,0,0,0,1,5
2017-09-17,"Hoodsport",6,9,2,0,0,0,0,0,1,2,22,28,7,0,0,0,0,0,2,7
2017-09-18,"Hoodsport",4,6,3,0,0,0,0,0,1,3,26,34,10,0,0,0,0,0,3,10
2017-09-19,"Hoodsport",0,0,0,0,0,0,0,0,0,0,26,34,10,0,0,0,0,0,3,10
2017-09-20,"Hoodsport",3,7,5,0,1,0,0,0,1,6,29,41,15,0,1,0,0,0,4,16
2017-09-21,"Hoodsport",1,1,0,0,0,0,0,0,1,0,30,42,15,0,1,0,0,0,5,16
2017-09-22,"Hoodsport",0,0,0,0,0,0,0,0,0,0,30,42,15,0,1,0,0,0,5,16
2017-09-23,"Hoodsport",0,0,0,0,0,0,0,0,0,0,30,42,15,0,1,0,0,0,5,16
2017-09-24,"Hoodsport",0,0,0,0,0,0,0,0,0,0,30,42,15,0,1,0,0,0,5,16
2017-09-25,"Hoodsport",0,0,0,0,0,0,0,0,0,0,30,42,15,0,1,0,0,0,5,16
2017-09-26,"Hoodsport",0,0,0,0,0,0,0,0,0,0,30,42,15,0,1,0,0,0,5,16
2017-09-15,"Kingston",0,0,0,0,0,0,0,0,0,0,0,0,0,0,0,0,0,0,0,0
2017-09-16,"Kingston",0,0,0,0,0,0,0,0,0,0,0,0,0,0,0,0,0,0,0,0
2017-09-17,"Kingston",10,22,0,12,0,0,0,0,1,12,10,22,0,12,0,0,0,0,1,12
2017-09-18,"Kingston",0,0,0,0,0,0,0,0,0,0,10,22,0,12,0,0,0,0,1,12
2017-09-19,"Kingston",0,0,0,0,0,0,0,0,0,0,10,22,0,12,0,0,0,0,1,12
2017-09-20,"Kingston",0,0,0,0,0,0,0,0,0,0,10,22,0,12,0,0,0,0,1,12
2017-09-21,"Kingston",0,0,0,0,0,0,0,0,0,0,10,22,0,12,0,0,0,0,1,12
2017-09-22,"Kingston",20,33,0,20,0,0,0,0,1,20,30,55,0,32,0,0,0,0,2,32
2017-09-23,"Kingston",36,74,0,29,0,0,0,0,1,29,66,129,0,61,0,0,0,0,3,61
2017-09-24,"Kingston",26,55,1,21,0,0,0,0,1,22,92,184,1,82,0,0,0,0,4,83
2017-09-25,"Kingston",17,28,1,6,0,0,0,0,1,7,109,212,2,88,0,0,0,0,5,90
2017-09-26,"Kingston",0,0,0,0,0,0,0,0,0,0,109,212,2,88,0,0,0,0,5,90
2017-09-15,"Luhr Beach",3,3,0,0,0,0,0,0,1,0,3,3,0,0,0,0,0,0,1,0
2017-09-16,"Luhr Beach",7,11,1,1,0,0,0,0,1,2,10,14,1,1,0,0,0,0,2,2
2017-09-17,"Luhr Beach",3,10,5,0,0,0,0,0,1,5,13,24,6,1,0,0,0,0,3,7
2017-09-18,"Luhr Beach",1,2,0,0,0,0,0,0,1,0,14,26,6,1,0,0,0,0,4,7
2017-09-19,"Luhr Beach",0,0,0,0,0,0,0,0,0,0,14,26,6,1,0,0,0,0,4,7
2017-09-20,"Luhr Beach",3,4,0,0,0,0,0,0,1,0,17,30,6,1,0,0,0,0,5,7
2017-09-21,"Luhr Beach",0,0,0,0,0,0,0,0,0,0,17,30,6,1,0,0,0,0,5,7
2017-09-22,"Luhr Beach",0,0,0,0,0,0,0,0,0,0,17,30,6,1,0,0,0,0,5,7
2017-09-23,"Luhr Beach",0,0,0,0,0,0,0,0,0,0,17,30,6,1,0,0,0,0,5,7
2017-09-24,"Luhr Beach",0,0,0,0,0,0,0,0,0,0,17,30,6,1,0,0,0,0,5,7
2017-09-25,"Luhr Beach",0,0,0,0,0,0,0,0,0,0,17,30,6,1,0,0,0,0,5,7
2017-09-26,"Luhr Beach",0,0,0,0,0,0,0,0,0,0,17,30,6,1,0,0,0,0,5,7
2017-09-15,"Manchester",6,10,0,6,0,0,0,0,1,6,6,10,0,6,0,0,0,0,1,6
2017-09-16,"Manchester",0,0,0,0,0,0,0,0,0,0,6,10,0,6,0,0,0,0,1,6
2017-09-17,"Manchester",9,18,0,9,0,0,0,0,1,9,15,28,0,15,0,0,0,0,2,15
2017-09-18,"Manchester",0,0,0,0,0,0,0,0,0,0,15,28,0,15,0,0,0,0,2,15
2017-09-19,"Manchester",0,0,0,0,0,0,0,0,0,0,15,28,0,15,0,0,0,0,2,15
2017-09-20,"Manchester",0,0,0,0,0,0,0,0,0,0,15,28,0,15,0,0,0,0,2,15
2017-09-21,"Manchester",0,0,0,0,0,0,0,0,0,0,15,28,0,15,0,0,0,0,2,15
2017-09-22,"Manchester",0,0,0,0,0,0,0,0,0,0,15,28,0,15,0,0,0,0,2,15
2017-09-23,"Manchester",0,0,0,0,0,0,0,0,0,0,15,28,0,15,0,0,0,0,2,15
2017-09-24,"Manchester",0,0,0,0,0,0,0,0,0,0,15,28,0,15,0,0,0,0,2,15
2017-09-25,"Manchester",0,0,0,0,0,0,0,0,0,0,15,28,0,15,0,0,0,0,2,15
2017-09-26,"Manchester",0,0,0,0,0,0,0,0,0,0,15,28,0,15,0,0,0,0,2,15
2017-09-15,"Misery Point",0,0,0,0,0,0,0,0,0,0,0,0,0,0,0,0,0,0,0,0
2017-09-16,"Misery Point",0,0,0,0,0,0,0,0,0,0,0,0,0,0,0,0,0,0,0,0
2017-09-17,"Misery Point",4,8,0,1,0,0,0,0,1,1,4,8,0,1,0,0,0,0,1,1
2017-09-18,"Misery Point",0,0,0,0,0,0,0,0,0,0,4,8,0,1,0,0,0,0,1,1
2017-09-19,"Misery Point",2,2,0,0,0,0,0,0,1,0,6,10,0,1,0,0,0,0,2,1
2017-09-20,"Misery Point",0,0,0,0,0,0,0,0,0,0,6,10,0,1,0,0,0,0,2,1
2017-09-21,"Misery Point",0,0,0,0,0,0,0,0,0,0,6,10,0,1,0,0,0,0,2,1
2017-09-22,"Misery Point",0,0,0,0,0,0,0,0,0,0,6,10,0,1,0,0,0,0,2,1
2017-09-23,"Misery Point",0,0,0,0,0,0,0,0,0,0,6,10,0,1,0,0,0,0,2,1
2017-09-24,"Misery Point",5,8,0,1,0,0,0,0,1,1,11,18,0,2,0,0,0,0,3,2
2017-09-25,"Misery Point",0,0,0,0,0,0,0,0,0,0,11,18,0,2,0,0,0,0,3,2
2017-09-26,"Misery Point",0,0,0,0,0,0,0,0,0,0,11,18,0,2,0,0,0,0,3,2
2017-09-15,"Pleasant Harbor",0,0,0,0,0,0,0,0,0,0,0,0,0,0,0,0,0,0,0,0
2017-09-16,"Pleasant Harbor",3,5,0,0,0,0,0,0,1,0,3,5,0,0,0,0,0,0,1,0
2017-09-17,"Pleasant Harbor",1,2,0,0,0,0,0,0,1,0,4,7,0,0,0,0,0,0,2,0
2017-09-18,"Pleasant Harbor",0,0,0,0,0,0,0,0,0,0,4,7,0,0,0,0,0,0,2,0
2017-09-19,"Pleasant Harbor",0,0,0,0,0,0,0,0,0,0,4,7,0,0,0,0,0,0,2,0
2017-09-20,"Pleasant Harbor",0,0,0,0,0,0,0,0,0,0,4,7,0,0,0,0,0,0,2,0
2017-09-21,"Pleasant Harbor",0,0,0,0,0,0,0,0,0,0,4,7,0,0,0,0,0,0,2,0
2017-09-22,"Pleasant Harbor",0,0,0,0,0,0,0,0,0,0,4,7,0,0,0,0,0,0,2,0
2017-09-23,"Pleasant Harbor",0,0,0,0,0,0,0,0,0,0,4,7,0,0,0,0,0,0,2,0
2017-09-24,"Pleasant Harbor",2,3,0,0,0,0,0,0,1,0,6,10,0,0,0,0,0,0,3,0
2017-09-25,"Pleasant Harbor",0,0,0,0,0,0,0,0,0,0,6,10,0,0,0,0,0,0,3,0
2017-09-26,"Pleasant Harbor",0,0,0,0,0,0,0,0,0,0,6,10,0,0,0,0,0,0,3,0
2017-09-15,"Point Defiance",31,51,4,20,0,0,0,0,1,24,31,51,4,20,0,0,0,0,1,24
2017-09-16,"Point Defiance",21,25,1,12,0,0,0,0,1,13,52,76,5,32,0,0,0,0,2,37
2017-09-17,"Point Defiance",48,84,2,12,0,0,0,0,1,14,100,160,7,44,0,0,0,0,3,51
2017-09-18,"Point Defiance",0,0,0,0,0,0,0,0,0,0,100,160,7,44,0,0,0,0,3,51
2017-09-19,"Point Defiance",0,0,0,0,0,0,0,0,0,0,100,160,7,44,0,0,0,0,3,51
2017-09-20,"Point Defiance",8,12,0,1,0,0,0,0,1,1,108,172,7,45,0,0,0,0,4,52
2017-09-21,"Point Defiance",36,57,1,13,0,0,0,0,1,14,144,229,8,58,0,0,0,0,5,66
2017-09-22,"Point Defiance",30,47,1,19,0,0,0,0,1,20,174,276,9,77,0,0,0,0,6,86
2017-09-23,"Point Defiance",15,30,0,16,0,0,0,0,1,16,189,306,9,93,0,0,0,0,7,102
2017-09-24,"Point Defiance",34,71,2,23,0,0,0,0,1,25,223,377,11,116,0,0,0,0,8,127
2017-09-25,"Point Defiance",0,0,0,0,0,0,0,0,0,0,223,377,11,116,0,0,0,0,8,127
2017-09-26,"Point Defiance",0,0,0,0,0,0,0,0,0,0,223,377,11,116,0,0,0,0,8,127
2017-09-15,"Quilcene",10,20,0,1,0,0,0,0,1,1,10,20,0,1,0,0,0,0,1,1
2017-09-16,"Quilcene",0,0,0,0,0,0,0,0,0,0,10,20,0,1,0,0,0,0,1,1
2017-09-17,"Quilcene",7,12,0,8,0,0,0,0,1,8,17,32,0,9,0,0,0,0,2,9
2017-09-18,"Quilcene",0,0,0,0,0,0,0,0,0,0,17,32,0,9,0,0,0,0,2,9
2017-09-19,"Quilcene",0,0,0,0,0,0,0,0,0,0,17,32,0,9,0,0,0,0,2,9
2017-09-20,"Quilcene",0,0,0,0,0,0,0,0,0,0,17,32,0,9,0,0,0,0,2,9
2017-09-21,"Quilcene",0,0,0,0,0,0,0,0,0,0,17,32,0,9,0,0,0,0,2,9
2017-09-22,"Quilcene",2,4,0,0,0,0,0,0,1,0,19,36,0,9,0,0,0,0,3,9
2017-09-23,"Quilcene",2,3,0,0,0,0,0,0,1,0,21,39,0,9,0,0,0,0,4,9
2017-09-24,"Quilcene",0,0,0,0,0,0,0,0,0,0,21,39,0,9,0,0,0,0,4,9
2017-09-25,"Quilcene",0,0,0,0,0,0,0,0,0,0,21,39,0,9,0,0,0,0,4,9
2017-09-26,"Quilcene",0,0,0,0,0,0,0,0,0,0,21,39,0,9,0,0,0,0,4,9
2017-09-15,"Redondo ",34,63,3,42,0,0,0,0,1,45,34,63,3,42,0,0,0,0,1,45
2017-09-16,"Redondo ",32,65,2,59,1,0,0,0,1,62,66,128,5,101,1,0,0,0,2,107
2017-09-17,"Redondo ",0,0,0,0,0,0,0,0,0,0,66,128,5,101,1,0,0,0,2,107
2017-09-18,"Redondo ",0,0,0,0,0,0,0,0,0,0,66,128,5,101,1,0,0,0,2,107
2017-09-19,"Redondo ",0,0,0,0,0,0,0,0,0,0,66,128,5,101,1,0,0,0,2,107
2017-09-20,"Redondo ",1,2,0,0,0,0,0,0,1,0,67,130,5,101,1,0,0,0,3,107
2017-09-21,"Redondo ",7,10,0,4,0,0,0,0,1,4,74,140,5,105,1,0,0,0,4,111
2017-09-22,"Redondo ",29,43,1,26,0,0,0,0,1,27,103,183,6,131,1,0,0,0,5,138
2017-09-23,"Redondo ",30,65,1,37,0,0,0,0,1,38,133,248,7,168,1,0,0,0,6,176
2017-09-24,"Redondo ",29,57,0,41,0,1,0,0,1,42,162,305,7,209,1,1,0,0,7,218
2017-09-25,"Redondo ",0,0,0,0,0,0,0,0,0,0,162,305,7,209,1,1,0,0,7,218
2017-09-26,"Redondo ",0,0,0,0,0,0,0,0,0,0,162,305,7,209,1,1,0,0,7,218
2017-09-15,"Sekiu",0,0,0,0,0,0,0,0,0,0,0,0,0,0,0,0,0,0,0,0
2017-09-16,"Sekiu",0,0,0,0,0,0,0,0,0,0,0,0,0,0,0,0,0,0,0,0
2017-09-17,"Sekiu",0,0,0,0,0,0,0,0,0,0,0,0,0,0,0,0,0,0,0,0
2017-09-18,"Sekiu",0,0,0,0,0,0,0,0,0,0,0,0,0,0,0,0,0,0,0,0
2017-09-19,"Sekiu",0,0,0,0,0,0,0,0,0,0,0,0,0,0,0,0,0,0,0,0
2017-09-20,"Sekiu",0,0,0,0,0,0,0,0,0,0,0,0,0,0,0,0,0,0,0,0
2017-09-21,"Sekiu",0,0,0,0,0,0,0,0,0,0,0,0,0,0,0,0,0,0,0,0
2017-09-22,"Sekiu",1,2,0,0,0,0,0,0,1,0,1,2,0,0,0,0,0,0,1,0
2017-09-23,"Sekiu",0,0,0,0,0,0,0,0,0,0,1,2,0,0,0,0,0,0,1,0
2017-09-24,"Sekiu",1,3,0,0,0,0,0,0,1,0,2,5,0,0,0,0,0,0,2,0
2017-09-25,"Sekiu",0,0,0,0,0,0,0,0,0,0,2,5,0,0,0,0,0,0,2,0
2017-09-26,"Sekiu",0,0,0,0,0,0,0,0,0,0,2,5,0,0,0,0,0,0,2,0
2017-09-15,"Shilshole",77,141,1,100,0,0,0,0,1,101,77,141,1,100,0,0,0,0,1,101
2017-09-16,"Shilshole",111,235,2,206,0,0,0,0,1,208,188,376,3,306,0,0,0,0,2,309
2017-09-17,"Shilshole",65,144,1,98,0,0,0,0,1,99,253,520,4,404,0,0,0,0,3,408
2017-09-18,"Shilshole",0,0,0,0,0,0,0,0,0,0,253,520,4,404,0,0,0,0,3,408
2017-09-19,"Shilshole",14,27,0,19,0,0,0,0,1,19,267,547,4,423,0,0,0,0,4,427
2017-09-20,"Shilshole",0,0,0,0,0,0,0,0,0,0,267,547,4,423,0,0,0,0,4,427
2017-09-21,"Shilshole",0,0,0,0,0,0,0,0,0,0,267,547,4,423,0,0,0,0,4,427
2017-09-22,"Shilshole",77,151,1,100,0,0,0,0,1,101,344,698,5,523,0,0,0,0,5,528
2017-09-23,"Shilshole",115,253,1,165,0,0,0,0,1,166,459,951,6,688,0,0,0,0,6,694
2017-09-24,"Shilshole",91,186,1,89,0,0,0,0,1,90,550,1137,7,777,0,0,0,0,7,784
2017-09-25,"Shilshole",0,0,0,0,0,0,0,0,0,0,550,1137,7,777,0,0,0,0,7,784
2017-09-26,"Shilshole",36,65,0,29,0,0,0,0,1,29,586,1202,7,806,0,0,0,0,8,813
2017-09-15,"Skokomish Ramp",4,7,0,0,0,0,0,0,1,0,4,7,0,0,0,0,0,0,1,0
2017-09-16,"Skokomish Ramp",10,18,0,4,0,0,0,0,1,4,14,25,0,4,0,0,0,0,2,4
2017-09-17,"Skokomish Ramp",5,13,0,2,0,0,0,0,1,2,19,38,0,6,0,0,0,0,3,6
2017-09-18,"Skokomish Ramp",0,0,0,0,0,0,0,0,0,0,19,38,0,6,0,0,0,0,3,6
2017-09-19,"Skokomish Ramp",0,0,0,0,0,0,0,0,0,0,19,38,0,6,0,0,0,0,3,6
2017-09-20,"Skokomish Ramp",1,1,0,0,0,0,0,0,1,0,20,39,0,6,0,0,0,0,4,6
2017-09-21,"Skokomish Ramp",0,0,0,0,0,0,0,0,0,0,20,39,0,6,0,0,0,0,4,6
2017-09-22,"Skokomish Ramp",0,0,0,0,0,0,0,0,0,0,20,39,0,6,0,0,0,0,4,6
2017-09-23,"Skokomish Ramp",4,7,0,0,0,0,0,0,1,0,24,46,0,6,0,0,0,0,5,6
2017-09-24,"Skokomish Ramp",5,11,0,0,0,0,0,0,1,0,29,57,0,6,0,0,0,0,6,6
2017-09-25,"Skokomish Ramp",0,0,0,0,0,0,0,0,0,0,29,57,0,6,0,0,0,0,6,6
2017-09-26,"Skokomish Ramp",0,0,0,0,0,0,0,0,0,0,29,57,0,6,0,0,0,0,6,6
2017-09-15,"Squalicum Harbor",0,0,0,0,0,0,0,0,0,0,0,0,0,0,0,0,0,0,0,0
2017-09-16,"Squalicum Harbor",13,29,6,0,1,0,0,0,1,7,13,29,6,0,1,0,0,0,1,7
2017-09-17,"Squalicum Harbor",4,10,3,0,0,0,0,0,1,3,17,39,9,0,1,0,0,0,2,10
2017-09-18,"Squalicum Harbor",2,4,0,0,0,0,0,0,1,0,19,43,9,0,1,0,0,0,3,10
2017-09-19,"Squalicum Harbor",0,0,0,0,0,0,0,0,0,0,19,43,9,0,1,0,0,0,3,10
2017-09-20,"Squalicum Harbor",0,0,0,0,0,0,0,0,0,0,19,43,9,0,1,0,0,0,3,10
2017-09-21,"Squalicum Harbor",0,0,0,0,0,0,0,0,0,0,19,43,9,0,1,0,0,0,3,10
2017-09-22,"Squalicum Harbor",7,14,0,0,0,0,0,0,1,0,26,57,9,0,1,0,0,0,4,10
2017-09-23,"Squalicum Harbor",10,22,1,0,0,0,0,0,1,1,36,79,10,0,1,0,0,0,5,11
2017-09-24,"Squalicum Harbor",13,32,3,0,0,0,0,0,1,3,49,111,13,0,1,0,0,0,6,14
2017-09-25,"Squalicum Harbor",4,11,0,0,0,0,0,0,1,0,53,122,13,0,1,0,0,0,7,14
2017-09-26,"Squalicum Harbor",0,0,0,0,0,0,0,0,0,0,53,122,13,0,1,0,0,0,7,14
2017-09-15,"Swantown Marina",0,0,0,0,0,0,0,0,0,0,0,0,0,0,0,0,0,0,0,0
2017-09-16,"Swantown Marina",0,0,0,0,0,0,0,0,0,0,0,0,0,0,0,0,0,0,0,0
2017-09-17,"Swantown Marina",1,4,0,0,0,0,0,0,1,0,1,4,0,0,0,0,0,0,1,0
2017-09-18,"Swantown Marina",0,0,0,0,0,0,0,0,0,0,1,4,0,0,0,0,0,0,1,0
2017-09-19,"Swantown Marina",0,0,0,0,0,0,0,0,0,0,1,4,0,0,0,0,0,0,1,0
2017-09-20,"Swantown Marina",0,0,0,0,0,0,0,0,0,0,1,4,0,0,0,0,0,0,1,0
2017-09-21,"Swantown Marina",0,0,0,0,0,0,0,0,0,0,1,4,0,0,0,0,0,0,1,0
2017-09-22,"Swantown Marina",0,0,0,0,0,0,0,0,0,0,1,4,0,0,0,0,0,0,1,0
2017-09-23,"Swantown Marina",0,0,0,0,0,0,0,0,0,0,1,4,0,0,0,0,0,0,1,0
2017-09-24,"Swantown Marina",0,0,0,0,0,0,0,0,0,0,1,4,0,0,0,0,0,0,1,0
2017-09-25,"Swantown Marina",0,0,0,0,0,0,0,0,0,0,1,4,0,0,0,0,0,0,1,0
2017-09-26,"Swantown Marina",0,0,0,0,0,0,0,0,0,0,1,4,0,0,0,0,0,0,1,0
2017-09-15,"Swinomish Channel",0,0,0,0,0,0,0,0,0,0,0,0,0,0,0,0,0,0,0,0
2017-09-16,"Swinomish Channel",0,0,0,0,0,0,0,0,0,0,0,0,0,0,0,0,0,0,0,0
2017-09-17,"Swinomish Channel",0,0,0,0,0,0,0,0,0,0,0,0,0,0,0,0,0,0,0,0
2017-09-18,"Swinomish Channel",0,0,0,0,0,0,0,0,0,0,0,0,0,0,0,0,0,0,0,0
2017-09-19,"Swinomish Channel",0,0,0,0,0,0,0,0,0,0,0,0,0,0,0,0,0,0,0,0
2017-09-20,"Swinomish Channel",0,0,0,0,0,0,0,0,0,0,0,0,0,0,0,0,0,0,0,0
2017-09-21,"Swinomish Channel",0,0,0,0,0,0,0,0,0,0,0,0,0,0,0,0,0,0,0,0
2017-09-22,"Swinomish Channel",2,3,0,0,0,0,0,0,1,0,2,3,0,0,0,0,0,0,1,0
2017-09-23,"Swinomish Channel",3,8,1,0,0,0,0,0,1,1,5,11,1,0,0,0,0,0,2,1
2017-09-24,"Swinomish Channel",0,0,0,0,0,0,0,0,0,0,5,11,1,0,0,0,0,0,2,1
2017-09-25,"Swinomish Channel",0,0,0,0,0,0,0,0,0,0,5,11,1,0,0,0,0,0,2,1
2017-09-26,"Swinomish Channel",0,0,0,0,0,0,0,0,0,0,5,11,1,0,0,0,0,0,2,1
2017-09-15,"Tacoma Narrows",4,6,1,0,0,0,0,0,1,1,4,6,1,0,0,0,0,0,1,1
2017-09-16,"Tacoma Narrows",6,13,0,0,0,0,0,0,1,0,10,19,1,0,0,0,0,0,2,1
2017-09-17,"Tacoma Narrows",4,7,1,0,0,0,0,0,1,1,14,26,2,0,0,0,0,0,3,2
2017-09-18,"Tacoma Narrows",0,0,0,0,0,0,0,0,0,0,14,26,2,0,0,0,0,0,3,2
2017-09-19,"Tacoma Narrows",0,0,0,0,0,0,0,0,0,0,14,26,2,0,0,0,0,0,3,2
2017-09-20,"Tacoma Narrows",0,0,0,0,0,0,0,0,0,0,14,26,2,0,0,0,0,0,3,2
2017-09-21,"Tacoma Narrows",0,0,0,0,0,0,0,0,0,0,14,26,2,0,0,0,0,0,3,2
2017-09-22,"Tacoma Narrows",1,2,0,0,0,0,0,0,1,0,15,28,2,0,0,0,0,0,4,2
2017-09-23,"Tacoma Narrows",0,0,0,0,0,0,0,0,0,0,15,28,2,0,0,0,0,0,4,2
2017-09-24,"Tacoma Narrows",13,20,0,1,0,0,0,0,1,1,28,48,2,1,0,0,0,0,5,3
2017-09-25,"Tacoma Narrows",0,0,0,0,0,0,0,0,0,0,28,48,2,1,0,0,0,0,5,3
2017-09-26,"Tacoma Narrows",0,0,0,0,0,0,0,0,0,0,28,48,2,1,0,0,0,0,5,3
2017-09-15,"Union",0,0,0,0,0,0,0,0,0,0,0,0,0,0,0,0,0,0,0,0
2017-09-16,"Union",2,4,0,1,0,0,0,0,1,1,2,4,0,1,0,0,0,0,1,1
2017-09-17,"Union",1,2,0,1,0,0,0,0,1,1,3,6,0,2,0,0,0,0,2,2
2017-09-18,"Union",0,0,0,0,0,0,0,0,0,0,3,6,0,2,0,0,0,0,2,2
2017-09-19,"Union",0,0,0,0,0,0,0,0,0,0,3,6,0,2,0,0,0,0,2,2
2017-09-20,"Union",0,0,0,0,0,0,0,0,0,0,3,6,0,2,0,0,0,0,2,2
2017-09-21,"Union",1,1,0,0,0,0,0,0,1,0,4,7,0,2,0,0,0,0,3,2
2017-09-22,"Union",3,4,0,0,0,0,0,0,1,0,7,11,0,2,0,0,0,0,4,2
2017-09-23,"Union",6,9,0,1,0,0,0,0,1,1,13,20,0,3,0,0,0,0,5,3
2017-09-24,"Union",1,1,0,0,0,0,0,0,1,0,14,21,0,3,0,0,0,0,6,3
2017-09-25,"Union",0,0,0,0,0,0,0,0,0,0,14,21,0,3,0,0,0,0,6,3
2017-09-26,"Union",0,0,0,0,0,0,0,0,0,0,14,21,0,3,0,0,0,0,6,3
2017-09-15,"Washington Park",5,10,2,0,0,0,0,0,1,2,5,10,2,0,0,0,0,0,1,2
2017-09-16,"Washington Park",14,34,4,0,0,0,0,0,1,4,19,44,6,0,0,0,0,0,2,6
2017-09-17,"Washington Park",8,18,1,0,0,0,0,0,1,1,27,62,7,0,0,0,0,0,3,7
2017-09-18,"Washington Park",1,1,1,0,0,0,0,0,1,1,28,63,8,0,0,0,0,0,4,8
2017-09-19,"Washington Park",0,0,0,0,0,0,0,0,0,0,28,63,8,0,0,0,0,0,4,8
2017-09-20,"Washington Park",0,0,0,0,0,0,0,0,0,0,28,63,8,0,0,0,0,0,4,8
2017-09-21,"Washington Park",0,0,0,0,0,0,0,0,0,0,28,63,8,0,0,0,0,0,4,8
2017-09-22,"Washington Park",7,10,3,0,0,0,0,0,1,3,35,73,11,0,0,0,0,0,5,11
2017-09-23,"Washington Park",11,25,3,0,1,0,0,0,1,4,46,98,14,0,1,0,0,0,6,15
2017-09-24,"Washington Park",12,24,3,0,0,0,0,0,1,3,58,122,17,0,1,0,0,0,7,18
2017-09-25,"Washington Park",9,11,1,0,0,0,0,0,1,1,67,133,18,0,1,0,0,0,8,19
2017-09-26,"Washington Park",0,0,0,0,0,0,0,0,0,0,67,133,18,0,1,0,0,0,8,19
2017-09-15,"Zittels",2,3,0,0,0,0,0,0,1,0,2,3,0,0,0,0,0,0,1,0
2017-09-16,"Zittels",4,8,0,0,0,0,0,0,1,0,6,11,0,0,0,0,0,0,2,0
2017-09-17,"Zittels",4,10,0,2,0,0,0,0,1,2,10,21,0,2,0,0,0,0,3,2
2017-09-18,"Zittels",0,0,0,0,0,0,0,0,0,0,10,21,0,2,0,0,0,0,3,2
2017-09-19,"Zittels",0,0,0,0,0,0,0,0,0,0,10,21,0,2,0,0,0,0,3,2
2017-09-20,"Zittels",0,0,0,0,0,0,0,0,0,0,10,21,0,2,0,0,0,0,3,2
2017-09-21,"Zittels",0,0,0,0,0,0,0,0,0,0,10,21,0,2,0,0,0,0,3,2
2017-09-22,"Zittels",3,5,0,0,0,0,0,0,1,0,13,26,0,2,0,0,0,0,4,2
2017-09-23,"Zittels",4,10,0,1,0,0,0,0,1,1,17,36,0,3,0,0,0,0,5,3
2017-09-24,"Zittels",1,3,0,0,0,0,0,0,1,0,18,39,0,3,0,0,0,0,6,3
2017-09-25,"Zittels",0,0,0,0,0,0,0,0,0,0,18,39,0,3,0,0,0,0,6,3
2017-09-26,"Zittels",0,0,0,0,0,0,0,0,0,0,18,39,0,3,0,0,0,0,6,3
